"model_group","lineage","latitude","longitude","Use","name"
"Alopoglossus_angulatus","Lineage_01","2.370351","-53.772252","1","Alop_BOHE010_ND4"
"Alopoglossus_angulatus","Lineage_01","2.46606","-55.62973","1","Alop_BPN2920_ND4"
"Alopoglossus_angulatus","Lineage_02","-2.609444444","-56.19611111","1","Alop_MPEG21853_ND4"
"Alopoglossus_angulatus","Lineage_03","-0.941666667","-53.23216667","1","Alop_MPEG27542_ND4"
"Alopoglossus_angulatus","Lineage_03","-0.939866667","-53.22743333","1","Alop_MPEG27543_ND4"
"Alopoglossus_angulatus","Lineage_04","0.833283333","-53.9368","1","Alop_MPEG27609_ND4"
"Alopoglossus_angulatus","Lineage_02","-2.609444444","-56.19611111","1","Alop_MPEG28239_ND4"
"Alopoglossus_angulatus","Lineage_05","-2.453055556","-56.15277778","1","Alop_MPEG28502_ND4"
"Alopoglossus_angulatus","Lineage_01","-4.483333333","-56.24880556","1","Alop_MPEG29468_ND4"
"Alopoglossus_angulatus","Lineage_06","-0.429944444","-50.48122222","1","Alop_MPEG29595_ND4"
"Alopoglossus_angulatus","Lineage_06","-0.429666667","-50.48430556","1","Alop_MPEG29596_ND4"
"Alopoglossus_angulatus","Lineage_06","-0.429944444","-50.47841667","1","Alop_MPEG29597_ND4"
"Alopoglossus_angulatus","Lineage_06","-0.429944444","-50.47841667","1","Alop_MPEG29598_ND4"
"Alopoglossus_angulatus","Lineage_04","-0.429944444","-50.47841667","1","Alop_MPEG29599_ND4"
"Alopoglossus_angulatus","Lineage_06","-0.424919444","-50.49125833","1","Alop_MPEG29601_ND4"
"Alopoglossus_angulatus","Lineage_06","-0.429944444","-50.48122222","1","Alop_MPEG29602_ND4"
"Alopoglossus_angulatus","Lineage_06","-0.429944444","-50.48122222","1","Alop_MPEG29603_ND4"
"Alopoglossus_angulatus","Lineage_06","-0.429944444","-50.48122222","1","Alop_MPEG29604_ND4"
"Alopoglossus_angulatus","Lineage_03","-0.172083333","-51.77146667","1","Alop_MPEG29762_ND4"
"Alopoglossus_angulatus","Lineage_01","3.0919444","-52.7897222","1","Alop_PG314_ND4"
"Alopoglossus_angulatus","Lineage_05","-2.968948","-59.952284","1","Alop_WER491_ND4"
"Alopoglossus_atriventris","Lineage_03","-6.994669444","-63.08405278","1","Alop_INPAH28233_ND4"
"Alopoglossus_atriventris","Lineage_05","-6.994669444","-63.08405278","1","Alop_INPAH28234_ND4"
"Alopoglossus_atriventris","Lineage_03","-6.994669444","-63.08405278","1","Alop_INPAH28235_ND4"
"Alopoglossus_atriventris","Lineage_05","-6.994669444","-63.08405278","1","Alop_INPAH28239_ND4"
"Alopoglossus_atriventris","Lineage_03","-6.994669444","-63.08405278","1","Alop_INPAHT1391_ND4"
"Alopoglossus_atriventris","Lineage_03","-6.994669444","-63.08405278","1","Alop_INPAHT1398_ND4"
"Alopoglossus_atriventris","Lineage_03","-6.994669444","-63.08405278","1","Alop_INPAHT172_ND4"
"Alopoglossus_atriventris","Lineage_01","-5.71033333333333","-63.2039444444444","1","Alop_INPAHT4605_ND4"
"Alopoglossus_atriventris","Lineage_01","-5.71033333333333","-63.2039444444444","1","Alop_INPAHT4613_ND4"
"Alopoglossus_atriventris","Lineage_04","-4.980416667","-62.96083333","1","Alop_INPAHT4719_ND4"
"Alopoglossus_atriventris","Lineage_04","-4.967277778","-62.97772222","1","Alop_INPAHT4731_ND4"
"Alopoglossus_atriventris","Lineage_04","-4.979944444","-62.96930556","1","Alop_INPAHT4767_ND4"
"Alopoglossus_atriventris","Lineage_05","-6.994669444","-63.08405278","1","Alop_INPAHT572_ND4"
"Alopoglossus_atriventris","Lineage_02","-1.84613888888889","-69.0295277777778","1","Alop_INPAHT9151_ND4"
"Alopoglossus_atriventris","Lineage_02","-1.84613888888889","-69.0295277777778","1","Alop_INPAHT9153_ND4"
"Alopoglossus_atriventris","Lineage_02","-1.84613888888889","-69.0295277777778","1","Alop_INPAHT9163_ND4"
"Alopoglossus_atriventris","Lineage_02","-1.71880555555556","-69.1283611111111","1","Alop_INPAHT9175_ND4"
"Alopoglossus_atriventris","Lineage_02","-1.71880555555556","-69.1283611111111","1","Alop_INPAHT9176_ND4"
"Alopoglossus_atriventris","Lineage_02","-1.71880555555556","-69.1283611111111","1","Alop_INPAHT9201_ND4"
"Alopoglossus_atriventris","Lineage_02","-1.71880555555556","-69.1283611111111","1","Alop_INPAHT9223_ND4"
"Alopoglossus_atriventris","Lineage_02","-1.84613888888889","-69.0295277777778","1","Alop_INPAHT9229_ND4"
"Anolis_chrysolepis","Lineage_02","-1.93138888888889","-58.2558333333333","1","Anol_HT2628_ND2"
"Anolis_chrysolepis","Lineage_02","-1.93138888888889","-58.2558333333333","1","Anol_HT3257_ND2"
"Anolis_chrysolepis","Lineage_02","-1.93138888888889","-58.2558333333333","1","Anol_HT3283_ND2"
"Anolis_chrysolepis","Lineage_02","-2.02527777777778","-58.19","1","Anol_HT4441_ND2"
"Anolis_chrysolepis","Lineage_02","-1.86819444444444","-58.2290277777778","1","Anol_HT4447_ND2"
"Anolis_chrysolepis","Lineage_02","-2.02527777777778","-58.19","1","Anol_HT4479_ND2"
"Anolis_chrysolepis","Lineage_02","-2.02527777777778","-58.19","1","Anol_HT4482_ND2"
"Anolis_chrysolepis","Lineage_01","-1.475148","-56.622479","1","Anol_HT5063_ND2"
"Anolis_chrysolepis","Lineage_01","-1.475148","-56.622479","1","Anol_HT5064_ND2"
"Anolis_chrysolepis","Lineage_01","-1.469729","-56.450385","1","Anol_HT5068_ND2"
"Anolis_chrysolepis","Lineage_01","-1.469729","-56.450385","1","Anol_HT5076_ND2"
"Anolis_chrysolepis","Lineage_01","-1.469729","-56.450385","1","Anol_HT5077_ND2"
"Anolis_chrysolepis","Lineage_01","-1.469729","-56.450385","1","Anol_HT5096_ND2"
"Anolis_chrysolepis","Lineage_01","-1.475148","-56.622479","1","Anol_HT5099_ND2"
"Anolis_chrysolepis","Lineage_01","-1.475148","-56.622479","1","Anol_HT5114_ND2"
"Anolis_chrysolepis","Lineage_01","-1.196286","-56.836579","1","Anol_HT5192_ND2"
"Anolis_chrysolepis","Lineage_06","-0.654046","-52.53089","1","Anol_HT672_ND2"
"Anolis_chrysolepis","Lineage_06","-0.643811","-52.531388","1","Anol_HT844_ND2"
"Anolis_chrysolepis","Lineage_05","-1.222064","-57.735073","1","Anol_JN191530_ND2"
"Anolis_chrysolepis","Lineage_05","1.75","-57.5","1","Anol_JN191531_ND2"
"Anolis_chrysolepis","Lineage_05","-0.552056","-56.324932","1","Anol_JN191532_ND2"
"Anolis_chrysolepis","Lineage_04","-0.975508","-54.407679","1","Anol_JN191533_ND2"
"Anolis_chrysolepis","Lineage_03","4.657896","-56.154368","1","Anol_JN191534_ND2"
"Anolis_chrysolepis","Lineage_03","4.657896","-56.154368","1","Anol_JN191535_ND2"
"Anolis_chrysolepis","Lineage_07","3.943189","-53.328824","1","Anol_JN191536_ND2"
"Anolis_chrysolepis","Lineage_07","4.03333333333333","-52.6833","1","Anol_JN191540_ND2"
"Anolis_chrysolepis","Lineage_07","3.943189","-53.328824","1","Anol_JN191541_ND2"
"Arthrosaura_reticulata","Lineage_01","2.753941","-58.597856","1","Arth_12125_ND4"
"Arthrosaura_reticulata","Lineage_01","-8.401448","-57.806329","1","Arth_968291_ND4"
"Arthrosaura_reticulata","Lineage_01","-9.678218","-60.143302","1","Arth_977670_ND4"
"Arthrosaura_reticulata","Lineage_01","-3.3244","-51.8587","1","Arth_BM332_ND4"
"Arthrosaura_reticulata","Lineage_01","-3.3244","-51.8587","1","Arth_BM431_ND4"
"Arthrosaura_reticulata","Lineage_02","-3.3244","-51.8587","1","Arth_BM483_ND4"
"Arthrosaura_reticulata","Lineage_01","-3.3232","-52.2518","1","Arth_BM620_ND4"
"Arthrosaura_reticulata","Lineage_01","-3.3244","-51.8587","1","Arth_BM665_ND4"
"Arthrosaura_reticulata","Lineage_01","2.477","-55.62941","1","Arth_BPN2875_ND4"
"Arthrosaura_reticulata","Lineage_01","-11.6725","-61.193611","1","Arth_CHUNB18710_ND4"
"Arthrosaura_reticulata","Lineage_01","-10.782778","-65.339444","1","Arth_CHUNB22340_ND4"
"Arthrosaura_reticulata","Lineage_01","-10.782778","-65.339444","1","Arth_CHUNB22456_ND4"
"Arthrosaura_reticulata","Lineage_01","-7.147778","-55.381111","1","Arth_CHUNB34120_ND4"
"Arthrosaura_reticulata","Lineage_01","-7.147778","-55.381111","1","Arth_CHUNB34127_ND4"
"Arthrosaura_reticulata","Lineage_01","-7.147778","-55.381111","1","Arth_CHUNB34129_ND4"
"Arthrosaura_reticulata","Lineage_01","-7.147778","-55.381111","1","Arth_CHUNB34136_ND4"
"Arthrosaura_reticulata","Lineage_01","-7.147778","-55.381111","1","Arth_CHUNB34137_ND4"
"Arthrosaura_reticulata","Lineage_01","-7.147778","-55.381111","1","Arth_CHUNB34139_ND4"
"Arthrosaura_reticulata","Lineage_01","-7.147778","-55.381111","1","Arth_CHUNB34140_ND4"
"Arthrosaura_reticulata","Lineage_01","-7.147778","-55.381111","1","Arth_CHUNB34141_ND4"
"Arthrosaura_reticulata","Lineage_01","-7.147778","-55.381111","1","Arth_CHUNB34144_ND4"
"Arthrosaura_reticulata","Lineage_01","-7.147778","-55.381111","1","Arth_CHUNB34145_ND4"
"Arthrosaura_reticulata","Lineage_01","-7.147778","-55.381111","1","Arth_CHUNB40059_ND4"
"Arthrosaura_reticulata","Lineage_01","-7.853522","-47.92727","1","Arth_ESTR705_ND4"
"Arthrosaura_reticulata","Lineage_01","-8.550559","-63.706502","1","Arth_H2138_ND4"
"Arthrosaura_reticulata","Lineage_01","-8.550559","-63.706502","1","Arth_H2154_ND4"
"Arthrosaura_reticulata","Lineage_01","-9.6391","-65.44911","1","Arth_H2245_ND4"
"Arthrosaura_reticulata","Lineage_01","-9.6391","-65.44911","1","Arth_H2308_ND4"
"Arthrosaura_reticulata","Lineage_01","-9.58459","-65.06928","1","Arth_H2603_ND4"
"Arthrosaura_reticulata","Lineage_01","-9.6391","-65.44911","1","Arth_H2819_ND4"
"Arthrosaura_reticulata","Lineage_01","-9.6391","-65.44911","1","Arth_H3250_ND4"
"Arthrosaura_reticulata","Lineage_01","-9.6391","-65.44911","1","Arth_H3434_ND4"
"Arthrosaura_reticulata","Lineage_01","-9.6391","-65.44911","1","Arth_H3623_ND4"
"Arthrosaura_reticulata","Lineage_01","-9.6391","-65.44911","1","Arth_H935_ND4"
"Arthrosaura_reticulata","Lineage_01","-8.550559","-63.706502","1","Arth_HJ0330_ND4"
"Arthrosaura_reticulata","Lineage_01","-9.6391","-65.44911","1","Arth_HJ0660_ND4"
"Arthrosaura_reticulata","Lineage_01","-0.79973","-60.137228","1","Arth_HT1647_ND4"
"Arthrosaura_reticulata","Lineage_01","-0.79973","-60.137228","1","Arth_HT1659_ND4"
"Arthrosaura_reticulata","Lineage_01","-0.79973","-60.137228","1","Arth_HT1688_ND4"
"Arthrosaura_reticulata","Lineage_01","-0.79973","-60.137228","1","Arth_HT1752_ND4"
"Arthrosaura_reticulata","Lineage_01","-0.79973","-60.137228","1","Arth_HT1753_ND4"
"Arthrosaura_reticulata","Lineage_01","-0.79973","-60.137228","1","Arth_HT1780_ND4"
"Arthrosaura_reticulata","Lineage_01","-2.478411","-57.888712","1","Arth_HT3359_ND4"
"Arthrosaura_reticulata","Lineage_01","-2.478411","-57.888712","1","Arth_HT3548_ND4"
"Arthrosaura_reticulata","Lineage_01","-2.478411","-57.888712","1","Arth_HT4416_ND4"
"Arthrosaura_reticulata","Lineage_01","-2.478411","-57.888712","1","Arth_HT4422_2_ND4"
"Arthrosaura_reticulata","Lineage_01","-2.478411","-57.888712","1","Arth_HT4435_ND4"
"Arthrosaura_reticulata","Lineage_01","-1.879026","-58.231973","1","Arth_HT4444_ND4"
"Arthrosaura_reticulata","Lineage_01","-1.879026","-58.231973","1","Arth_HT4445_ND4"
"Arthrosaura_reticulata","Lineage_01","-1.879026","-58.231973","1","Arth_HT4502_ND4"
"Arthrosaura_reticulata","Lineage_01","-1.879026","-58.231973","1","Arth_HT4506_ND4"
"Arthrosaura_reticulata","Lineage_03","-0.005373","-64.717682","1","Arth_HT4518_ND4"
"Arthrosaura_reticulata","Lineage_03","-0.005373","-64.717682","1","Arth_HT4522_ND4"
"Arthrosaura_reticulata","Lineage_03","-0.005373","-64.717682","1","Arth_HT4535_ND4"
"Arthrosaura_reticulata","Lineage_03","-0.005373","-64.717682","1","Arth_HT4555_ND4"
"Arthrosaura_reticulata","Lineage_03","-0.005373","-64.717682","1","Arth_HT4568_ND4"
"Arthrosaura_reticulata","Lineage_03","-0.005373","-64.717682","1","Arth_HT4573_3_ND4"
"Arthrosaura_reticulata","Lineage_04","-0.542222","-64.923056","1","Arth_HT4589_ND4"
"Arthrosaura_reticulata","Lineage_01","-5.949894","-63.156003","1","Arth_HT4640_ND4"
"Arthrosaura_reticulata","Lineage_05","-5.07662","-62.853694","1","Arth_HT4725_ND4"
"Arthrosaura_reticulata","Lineage_01","-3.30901666666667","-55.3331","1","Arth_HT4817_ND4"
"Arthrosaura_reticulata","Lineage_01","-3.34547222222222","-55.1966666666667","1","Arth_HT4852_ND4"
"Arthrosaura_reticulata","Lineage_01","-3.34547222222222","-55.1966666666667","1","Arth_HT4941_ND4"
"Arthrosaura_reticulata","Lineage_01","-3.34547222222222","-55.1966666666667","1","Arth_HT4964_ND4"
"Arthrosaura_reticulata","Lineage_01","-1.33333333333333","-57.25","1","Arth_HT5065_ND4"
"Arthrosaura_reticulata","Lineage_01","-1.33333333333333","-57.25","1","Arth_HT5075_2_ND4"
"Arthrosaura_reticulata","Lineage_01","-1.33333333333333","-57.25","1","Arth_HT5081_ND4"
"Arthrosaura_reticulata","Lineage_01","-1.33333333333333","-57.25","1","Arth_HT5092_ND4"
"Arthrosaura_reticulata","Lineage_01","-1.48333333333333","-57.05","1","Arth_HT5222_ND4"
"Arthrosaura_reticulata","Lineage_01","-1.33333333333333","-57.25","1","Arth_HT5229_ND4"
"Arthrosaura_reticulata","Lineage_01","-2.478411","-57.888712","1","Arth_HT5284_ND4"
"Arthrosaura_reticulata","Lineage_01","-1.44103","-51.27408","1","Arth_HT5808_ND4"
"Arthrosaura_reticulata","Lineage_06","-2.781777","-60.470748","1","Arth_HT82_ND4"
"Arthrosaura_reticulata","Lineage_01","-2.781777","-60.470748","1","Arth_HT99_ND4"
"Arthrosaura_reticulata","Lineage_01","-9.5141","-58.6786","1","Arth_ISP347_ND4"
"Arthrosaura_reticulata","Lineage_01","-1.726","-56.2329","1","Arth_LOMU24_ND4"
"Arthrosaura_reticulata","Lineage_01","-2.4148","-57.6394","1","Arth_LOMU52_ND4"
"Arthrosaura_reticulata","Lineage_01","-2.4148","-57.6389","1","Arth_LOMU74_ND4"
"Arthrosaura_reticulata","Lineage_01","-2.3866","-57.6394","1","Arth_LOMU87_ND4"
"Arthrosaura_reticulata","Lineage_01","-0.728016","-52.772404","1","Arth_MPEG22064_ND4"
"Arthrosaura_reticulata","Lineage_01","-0.874936","-52.535773","1","Arth_MPEG22866_ND4"
"Arthrosaura_reticulata","Lineage_01","-1.464852","-56.38227","1","Arth_MPEG24762_ND4"
"Arthrosaura_reticulata","Lineage_01","-3.109226","-51.844296","1","Arth_MPEG25658_ND4"
"Arthrosaura_reticulata","Lineage_01","-2.138367","-51.628118","1","Arth_MPEG25701_ND4"
"Arthrosaura_reticulata","Lineage_02","-7.302012","-55.428944","1","Arth_MPEG28467_ND4"
"Arthrosaura_reticulata","Lineage_01","-2.534113","-56.399919","1","Arth_MPEG28501_ND4"
"Arthrosaura_reticulata","Lineage_01","-4.247597","-56.001607","1","Arth_MPEG29061_ND4"
"Arthrosaura_reticulata","Lineage_01","-1.765416","-56.024377","1","Arth_MPEG29245_ND4"
"Arthrosaura_reticulata","Lineage_01","-2.433355","-57.640473","1","Arth_MPEG29330_ND4"
"Arthrosaura_reticulata","Lineage_01","0.590515","-52.793207","1","Arth_MPEG29730_ND4"
"Arthrosaura_reticulata","Lineage_01","-2.444802","-60.860677","1","Arth_MSH10350_ND4"
"Arthrosaura_reticulata","Lineage_01","-4.34416666666667","-58.635","1","Arth_MTR12738_ND4"
"Arthrosaura_reticulata","Lineage_01","-4.34416666666667","-58.635","1","Arth_MTR12847_ND4"
"Arthrosaura_reticulata","Lineage_01","-4.34416666666667","-58.635","1","Arth_MTR12877_ND4"
"Arthrosaura_reticulata","Lineage_01","-4.34416666666667","-58.635","1","Arth_MTR12878_ND4"
"Arthrosaura_reticulata","Lineage_01","-4.34416666666667","-58.635","1","Arth_MTR12898_ND4"
"Arthrosaura_reticulata","Lineage_01","-4.34416666666667","-58.635","1","Arth_MTR12899_ND4"
"Arthrosaura_reticulata","Lineage_01","-4.34416666666667","-58.635","1","Arth_MTR12932_ND4"
"Arthrosaura_reticulata","Lineage_01","-4.34416666666667","-58.635","1","Arth_MTR12936_ND4"
"Arthrosaura_reticulata","Lineage_01","-4.34416666666667","-58.635","1","Arth_MTR12978_ND4"
"Arthrosaura_reticulata","Lineage_01","-4.30888888888889","-58.6363888888889","1","Arth_MTR13007_ND4"
"Arthrosaura_reticulata","Lineage_01","-4.59694444444444","-58.2205555555556","1","Arth_MTR13032_ND4"
"Arthrosaura_reticulata","Lineage_01","-4.316438","-61.836587","1","Arth_MTR18852_ND4"
"Arthrosaura_reticulata","Lineage_01","-6.035725","-76.964594","1","Arth_MTR19117_ND4"
"Arthrosaura_reticulata","Lineage_01","3.859722","-51.761","1","Arth_MTR24100_ND4"
"Arthrosaura_reticulata","Lineage_01","3.859722","-51.761","1","Arth_MTR24177_ND4"
"Arthrosaura_reticulata","Lineage_01","2.307726","-51.628269","1","Arth_MTR24248_ND4"
"Arthrosaura_reticulata","Lineage_07","-2.516427","-58.362169","1","Arth_RF66_ND4"
"Arthrosaura_reticulata","Lineage_07","-2.71229","-58.21829","1","Arth_RF79_ND4"
"Arthrosaura_reticulata","Lineage_06","-2.74341","-58.1763","1","Arth_RF87_ND4"
"Cercosaura_argulus","Lineage_01","-5.69358333333333","-63.2127222222222","1","Cerco_HT4601_ND4"
"Cercosaura_argulus","Lineage_01","-1.75375","-60.2958055555556","1","Cerco_HT8347_ND4"
"Cercosaura_argulus","Lineage_01","-1.057284","-75.900592","1","Cerco_KP874900_ND4"
"Cercosaura_argulus","Lineage_01","-1.057284","-75.900592","1","Cerco_KP874901_ND4"
"Cercosaura_argulus","Lineage_01","-11.662122","-64.408124","1","Cerco_KY555362_ND4"
"Cercosaura_argulus","Lineage_01","-1.390265","-48.448873","1","Cerco_KY555431_ND4"
"Cnemidophorus_lemniscatus","Lineage_01","4.8172","-54.59094","1","Cnemi_AF2450_ND4"
"Cnemidophorus_lemniscatus","Lineage_01","4.8172","-54.59094","1","Cnemi_AF2451_ND4"
"Cnemidophorus_lemniscatus","Lineage_01","4.72462","-56.7638","1","Cnemi_AF3314_ND4"
"Cnemidophorus_lemniscatus","Lineage_01","4.72462","-56.7638","1","Cnemi_AF3395_ND4"
"Cnemidophorus_lemniscatus","Lineage_01","4.72462","-56.7638","1","Cnemi_AF3396_ND4"
"Cnemidophorus_lemniscatus","Lineage_02","1.1891666666667","-60.181388888889","1","Cnemi_AMNH204229_ND4"
"Cnemidophorus_lemniscatus","Lineage_03","-2.4841666666667","-54.952222222222","1","Cnemi_APL14035_ND4"
"Cnemidophorus_lemniscatus","Lineage_03","-2.4841666666667","-54.952222222222","1","Cnemi_APL18285_ND4"
"Cnemidophorus_lemniscatus","Lineage_03","-2.4841666666667","-54.952222222222","1","Cnemi_APL19780_ND4"
"Cnemidophorus_lemniscatus","Lineage_03","-2.4841666666667","-54.952222222222","1","Cnemi_APL19785_ND4"
"Cnemidophorus_lemniscatus","Lineage_03","-2.4886111111111","-54.831388888889","1","Cnemi_APL19859_ND4"
"Cnemidophorus_lemniscatus","Lineage_03","-2.4886111111111","-54.831388888889","1","Cnemi_APL19880_ND4"
"Cnemidophorus_lemniscatus","Lineage_03","-2.4886111111111","-54.831388888889","1","Cnemi_APL19887_ND4"
"Cnemidophorus_lemniscatus","Lineage_04","2.1605","-61.035033","1","Cnemi_FPWERNECK2557_ND4"
"Cnemidophorus_lemniscatus","Lineage_04","2.1605","-61.035033","1","Cnemi_FPWERNECK2558_ND4"
"Cnemidophorus_lemniscatus","Lineage_04","2.152167","-61.0276","1","Cnemi_FPWERNECK2560_ND4"
"Cnemidophorus_lemniscatus","Lineage_04","2.152167","-61.0276","1","Cnemi_FPWERNECK2561_ND4"
"Cnemidophorus_lemniscatus","Lineage_04","2.152167","-61.0276","1","Cnemi_FPWERNECK2562_ND4"
"Cnemidophorus_lemniscatus","Lineage_04","2.152167","-61.0276","1","Cnemi_FPWERNECK2563_ND4"
"Cnemidophorus_lemniscatus","Lineage_04","2.152167","-61.0276","1","Cnemi_FPWERNECK2564_ND4"
"Cnemidophorus_lemniscatus","Lineage_04","2.152167","-61.0276","1","Cnemi_FPWERNECK2565_ND4"
"Cnemidophorus_lemniscatus","Lineage_04","2.152167","-61.0276","1","Cnemi_FPWERNECK2566_ND4"
"Cnemidophorus_lemniscatus","Lineage_04","2.152167","-61.0276","1","Cnemi_FPWERNECK2569_ND4"
"Cnemidophorus_lemniscatus","Lineage_04","2.152167","-61.0276","1","Cnemi_FPWERNECK2570_ND4"
"Cnemidophorus_lemniscatus","Lineage_04","2.152167","-61.0276","1","Cnemi_FPWERNECK2571_ND4"
"Cnemidophorus_lemniscatus","Lineage_03","-2.538358","-54.977797","1","Cnemi_FPWERNECK2575_ND4"
"Cnemidophorus_lemniscatus","Lineage_03","-2.538358","-54.977797","1","Cnemi_FPWERNECK2577_ND4"
"Cnemidophorus_lemniscatus","Lineage_03","-2.538358","-54.977797","1","Cnemi_FPWERNECK2578_ND4"
"Cnemidophorus_lemniscatus","Lineage_03","-2.538358","-54.977797","1","Cnemi_FPWERNECK2579_ND4"
"Cnemidophorus_lemniscatus","Lineage_03","-2.538358","-54.977797","1","Cnemi_FPWERNECK2580_ND4"
"Cnemidophorus_lemniscatus","Lineage_03","-2.538358","-54.977797","1","Cnemi_FPWERNECK2581_ND4"
"Cnemidophorus_lemniscatus","Lineage_03","-2.538358","-54.977797","1","Cnemi_FPWERNECK2582_ND4"
"Cnemidophorus_lemniscatus","Lineage_03","-2.538358","-54.977797","1","Cnemi_FPWERNECK2583_ND4"
"Cnemidophorus_lemniscatus","Lineage_03","-2.538358","-54.977797","1","Cnemi_FPWERNECK2585_ND4"
"Cnemidophorus_lemniscatus","Lineage_03","-2.538358","-54.977797","1","Cnemi_FPWERNECK2586_ND4"
"Cnemidophorus_lemniscatus","Lineage_03","-2.538358","-54.977797","1","Cnemi_FPWERNECK2587_ND4"
"Cnemidophorus_lemniscatus","Lineage_03","-2.538358","-54.977797","1","Cnemi_FPWERNECK2591_ND4"
"Cnemidophorus_lemniscatus","Lineage_02","1.638088","-61.169193","1","Cnemi_HT1028_ND4"
"Cnemidophorus_lemniscatus","Lineage_05","1.638088","-61.169193","1","Cnemi_HT390_ND4"
"Cnemidophorus_lemniscatus","Lineage_06","-0.346275","-64.747228","1","Cnemi_HT7487_ND4"
"Cnemidophorus_lemniscatus","Lineage_06","-0.346276","-64.747229","1","Cnemi_HT7488_ND4"
"Cnemidophorus_lemniscatus","Lineage_06","-0.48305555555556","-64.833055555556","1","Cnemi_HT7502_ND4"
"Cnemidophorus_lemniscatus","Lineage_06","-0.48305555555556","-64.833055555556","1","Cnemi_HT7503_ND4"
"Cnemidophorus_lemniscatus","Lineage_06","-0.48305555555556","-64.833055555556","1","Cnemi_HT7504_ND4"
"Cnemidophorus_lemniscatus","Lineage_06","-0.48305555555556","-64.833055555556","1","Cnemi_HT7505_ND4"
"Cnemidophorus_lemniscatus","Lineage_06","-0.48305555555556","-64.833055555556","1","Cnemi_HT7506_ND4"
"Cnemidophorus_lemniscatus","Lineage_06","-0.48305555555556","-64.833055555556","1","Cnemi_HT7507_ND4"
"Cnemidophorus_lemniscatus","Lineage_06","-0.48305555555556","-64.833055555556","1","Cnemi_HT7509_ND4"
"Cnemidophorus_lemniscatus","Lineage_06","-0.48305555555556","-64.833055555556","1","Cnemi_HT7510_ND4"
"Cnemidophorus_lemniscatus","Lineage_06","-0.37527777777778","-64.133055555556","1","Cnemi_HT7518_ND4"
"Cnemidophorus_lemniscatus","Lineage_06","-0.37527777777778","-64.133055555556","1","Cnemi_HT7519_ND4"
"Cnemidophorus_lemniscatus","Lineage_06","-0.37527777777778","-64.133055555556","1","Cnemi_HT7520_ND4"
"Cnemidophorus_lemniscatus","Lineage_06","-0.37527777777778","-64.133055555556","1","Cnemi_HT7521_ND4"
"Cnemidophorus_lemniscatus","Lineage_02","1.638088","-61.169193","1","Cnemi_HT916_ND4"
"Cnemidophorus_lemniscatus","Lineage_02","1.638088","-61.169193","1","Cnemi_HT999_ND4"
"Cnemidophorus_lemniscatus","Lineage_02","2.784701","-60.68699","1","Cnemi_LSUMZ12381_ND4"
"Cnemidophorus_lemniscatus","Lineage_02","2.784701","-60.68699","1","Cnemi_LSUMZ12382_ND4"
"Cnemidophorus_lemniscatus","Lineage_02","2.784701","-60.68699","1","Cnemi_LSUMZ12383_ND4"
"Cnemidophorus_lemniscatus","Lineage_07","2.784701","-60.68699","1","Cnemi_LSUMZ12384_ND4"
"Cnemidophorus_lemniscatus","Lineage_02","2.784701","-60.68699","1","Cnemi_LSUMZ12385_ND4"
"Cnemidophorus_lemniscatus","Lineage_02","2.784701","-60.68699","1","Cnemi_LSUMZ12386_ND4"
"Cnemidophorus_lemniscatus","Lineage_02","2.784701","-60.68699","1","Cnemi_LSUMZ12387_ND4"
"Cnemidophorus_lemniscatus","Lineage_07","2.730313","-60.759145","1","Cnemi_LSUMZ12392_ND4"
"Cnemidophorus_lemniscatus","Lineage_07","2.730313","-60.759145","1","Cnemi_LSUMZ12393_ND4"
"Cnemidophorus_lemniscatus","Lineage_07","2.730313","-60.759145","1","Cnemi_LSUMZ12394_ND4"
"Cnemidophorus_lemniscatus","Lineage_07","2.730313","-60.759145","1","Cnemi_LSUMZ12395_ND4"
"Cnemidophorus_lemniscatus","Lineage_03","-2.506783","-54.959233","1","Cnemi_LSUMZ13913_ND4"
"Cnemidophorus_lemniscatus","Lineage_03","-2.506783","-54.959233","1","Cnemi_LSUMZ13914_ND4"
"Cnemidophorus_lemniscatus","Lineage_03","-2.506783","-54.959233","1","Cnemi_LSUMZ13925_ND4"
"Cnemidophorus_lemniscatus","Lineage_03","-2.5033611111111","-54.955972222222","1","Cnemi_LSUMZ13934_ND4"
"Cnemidophorus_lemniscatus","Lineage_03","-2.5033611111111","-54.955972222222","1","Cnemi_LSUMZ13935_ND4"
"Cnemidophorus_lemniscatus","Lineage_03","-2.48775","-54.964638888889","1","Cnemi_LSUMZ13947_ND4"
"Cnemidophorus_lemniscatus","Lineage_03","-2.48775","-54.964638888889","1","Cnemi_LSUMZ13948_ND4"
"Cnemidophorus_lemniscatus","Lineage_03","-2.48775","-54.964638888889","1","Cnemi_LSUMZ13949_ND4"
"Cnemidophorus_lemniscatus","Lineage_03","-2.48775","-54.964638888889","1","Cnemi_LSUMZ13952_ND4"
"Cnemidophorus_lemniscatus","Lineage_03","-2.506783","-54.959233","1","Cnemi_LSUMZ14161_ND4"
"Cnemidophorus_lemniscatus","Lineage_03","-2.506783","-54.959233","1","Cnemi_LSUMZ14162_ND4"
"Cnemidophorus_lemniscatus","Lineage_03","-3.1506666666667","-54.842472222222","1","Cnemi_LSUMZ14187_ND4"
"Cnemidophorus_lemniscatus","Lineage_03","-3.1495833333333","-54.821388888889","1","Cnemi_LSUMZ14221_ND4"
"Cnemidophorus_lemniscatus","Lineage_03","-3.1506666666667","-54.842472222222","1","Cnemi_LSUMZ14321_ND4"
"Cnemidophorus_lemniscatus","Lineage_03","-3.1506666666667","-54.842472222222","1","Cnemi_LSUMZ14324_ND4"
"Cnemidophorus_lemniscatus","Lineage_03","-3.1506666666667","-54.842472222222","1","Cnemi_LSUMZ14325_ND4"
"Cnemidophorus_lemniscatus","Lineage_03","-3.1506666666667","-54.842472222222","1","Cnemi_LSUMZ14345_ND4"
"Cnemidophorus_lemniscatus","Lineage_03","-3.1506666666667","-54.842472222222","1","Cnemi_LSUMZ14380_ND4"
"Cnemidophorus_lemniscatus","Lineage_03","-3.1506666666667","-54.842472222222","1","Cnemi_LSUMZ14415_ND4"
"Cnemidophorus_lemniscatus","Lineage_03","-2.476984","-54.685378","1","Cnemi_MPEG28730_ND4"
"Cnemidophorus_lemniscatus","Lineage_08","-1.781889","-55.987993","1","Cnemi_MPEG29203_ND4"
"Cnemidophorus_lemniscatus","Lineage_07","2.125421","-61.435107","1","Cnemi_MTR20609_ND4"
"Cnemidophorus_lemniscatus","Lineage_07","2.125421","-61.435107","1","Cnemi_MTR20610_ND4"
"Cnemidophorus_lemniscatus","Lineage_07","2.125421","-61.435107","1","Cnemi_MTR20614_ND4"
"Cnemidophorus_lemniscatus","Lineage_07","2.125421","-61.435107","1","Cnemi_MTR20650_ND4"
"Cnemidophorus_lemniscatus","Lineage_08","-1.463359","-56.387582","1","Cnemi_PT230_ND4"
"Cnemidophorus_lemniscatus","Lineage_08","-1.463359","-56.387582","1","Cnemi_PT44_ND4"
"Cnemidophorus_lemniscatus","Lineage_08","-1.463359","-56.387582","1","Cnemi_PT46_ND4"
"Cnemidophorus_lemniscatus","Lineage_04","3.915029","-60.12698","1","Cnemi_USP946509_ND4"
"Cnemidophorus_lemniscatus","Lineage_04","3.915029","-60.12698","1","Cnemi_USP946510_ND4"
"Cnemidophorus_lemniscatus","Lineage_04","3.915029","-60.12698","1","Cnemi_USP946511_ND4"
"Cnemidophorus_lemniscatus","Lineage_07","2.125421","-61.435107","1","Cnemi_USP946644_ND4"
"Kentropyx_calcarata","Lineage_04","-0.51635","-51.20728","1","Kent_1999_16s"
"Kentropyx_calcarata","Lineage_04","-0.51635","-51.20728","1","Kent_2006_16s"
"Kentropyx_calcarata","Lineage_04","-0.51635","-51.20728","1","Kent_2124_16s"
"Kentropyx_calcarata","Lineage_04","-6.296736","-35.04431","1","Kent_2574_16s"
"Kentropyx_calcarata","Lineage_04","-6.296736","-35.04431","1","Kent_2584_16s"
"Kentropyx_calcarata","Lineage_04","-6.296736","-35.04431","1","Kent_2682_16s"
"Kentropyx_calcarata","Lineage_04","-6.253453","-35.06531","1","Kent_2819_16s"
"Kentropyx_calcarata","Lineage_04","-6.196379","-35.22139","1","Kent_3000_16s"
"Kentropyx_calcarata","Lineage_04","-6.296736","-35.04431","1","Kent_3001_16s"
"Kentropyx_calcarata","Lineage_04","-6.253352","-35.05618","1","Kent_3009_16s"
"Kentropyx_calcarata","Lineage_04","-6.253453","-35.06531","1","Kent_3012_16s"
"Kentropyx_calcarata","Lineage_04","-6.253453","-35.06531","1","Kent_3013_16s"
"Kentropyx_calcarata","Lineage_04","-6.296736","-35.04431","1","Kent_3018_16s"
"Kentropyx_calcarata","Lineage_04","-6.253453","-35.06531","1","Kent_3146_16s"
"Kentropyx_calcarata","Lineage_04","-6.253453","-35.06531","1","Kent_3148_16s"
"Kentropyx_calcarata","Lineage_05","1.815873","-61.13463","1","Kent_543_16s"
"Kentropyx_calcarata","Lineage_04","-6.253352","-35.05618","1","Kent_5872_16s"
"Kentropyx_calcarata","Lineage_03","-6.378376","-35.05027","1","Kent_63_16s"
"Kentropyx_calcarata","Lineage_04","-10.016667","-50.05","1","Kent_926211_16s"
"Kentropyx_calcarata","Lineage_04","-6.253352","-35.05618","1","Kent_9439_16s"
"Kentropyx_calcarata","Lineage_03","3.206167","-57.383333","1","Kent_968391_16s"
"Kentropyx_calcarata","Lineage_03","-17.1087","-57.383333","1","Kent_968392_16s"
"Kentropyx_calcarata","Lineage_06","-17.1087","-53.433333","1","Kent_976539_16s"
"Kentropyx_calcarata","Lineage_06","-17.1087","-53.433333","1","Kent_976540_16s"
"Kentropyx_calcarata","Lineage_04","-6.361787","-35.07193","1","Kent_9776_16s"
"Kentropyx_calcarata","Lineage_04","-6.361787","-35.07193","1","Kent_9780_16s"
"Kentropyx_calcarata","Lineage_02","-9.578084","-51.233333","1","Kent_978224_16s"
"Kentropyx_calcarata","Lineage_02","-9.578084","-51.233333","1","Kent_978225_16s"
"Kentropyx_calcarata","Lineage_07","-7.22973","-59.405533","1","Kent_AMS312_16s"
"Kentropyx_calcarata","Lineage_07","-7.22973","-59.405533","1","Kent_AMS355_16s"
"Kentropyx_calcarata","Lineage_04","4.54817","-52.45203","1","Kent_BPN1526_16s"
"Kentropyx_calcarata","Lineage_04","4.54817","-52.45203","1","Kent_BPN1567_16s"
"Kentropyx_calcarata","Lineage_01","5.39667","-59.53352","1","Kent_BPN2519_16s"
"Kentropyx_calcarata","Lineage_01","5.396639","-59.533194","1","Kent_BPN2559_16s"
"Kentropyx_calcarata","Lineage_01","5.396639","-59.533194","1","Kent_BPN2561_16s"
"Kentropyx_calcarata","Lineage_04","2.477","-55.62941","1","Kent_BPN2828_16s"
"Kentropyx_calcarata","Lineage_04","2.477","-55.62941","1","Kent_BPN2831_16s"
"Kentropyx_calcarata","Lineage_04","2.46649","-55.63021","1","Kent_BPN2885_16s"
"Kentropyx_calcarata","Lineage_07","4.413793","-58.921602","1","Kent_BPN3386_16s"
"Kentropyx_calcarata","Lineage_07","4.413793","-58.921602","1","Kent_BPN3616_16s"
"Kentropyx_calcarata","Lineage_01","5.001869","-59.643278","1","Kent_BPN3796_16s"
"Kentropyx_calcarata","Lineage_01","5.001869","-59.643278","1","Kent_BPN3825_16s"
"Kentropyx_calcarata","Lineage_04","-8.833333","-48.345922","1","Kent_CHUNB11296_16s"
"Kentropyx_calcarata","Lineage_04","-9.75","-48.345922","1","Kent_CHUNB12360_16s"
"Kentropyx_calcarata","Lineage_04","-6.8","-50.790564","1","Kent_CHUNB14095_16s"
"Kentropyx_calcarata","Lineage_04","-9.75","-48.345922","1","Kent_CHUNB16958_16s"
"Kentropyx_calcarata","Lineage_03","-10.309439","-64.900006","1","Kent_CHUNB22245_16s"
"Kentropyx_calcarata","Lineage_03","-10.309439","-64.900006","1","Kent_CHUNB22284_16s"
"Kentropyx_calcarata","Lineage_06","-15.188121","-54.9133138","1","Kent_CHUNB39982_16s"
"Kentropyx_calcarata","Lineage_06","-8.833333","-54.9133138","1","Kent_CHUNB39983_16s"
"Kentropyx_calcarata","Lineage_04","-9.36986388","-49.883917","1","Kent_CHUNB44969_16s"
"Kentropyx_calcarata","Lineage_04","-9.36986388","-49.883917","1","Kent_CHUNB44970_16s"
"Kentropyx_calcarata","Lineage_06","-6.2222","-55.917445","1","Kent_CHUNB47026_16s"
"Kentropyx_calcarata","Lineage_06","-6.8","-55.917445","1","Kent_CHUNB47028_16s"
"Kentropyx_calcarata","Lineage_04","-12.77","-47.26163","1","Kent_CHUNB51969_16s"
"Kentropyx_calcarata","Lineage_04","-12.77","-47.26163","1","Kent_CHUNB51970_16s"
"Kentropyx_calcarata","Lineage_04","-6.84003448676239","-35.1356979094978","1","Kent_CHUNB56722_16s"
"Kentropyx_calcarata","Lineage_04","-6.84003448676239","-35.1356979094978","1","Kent_CHUNB56723_16s"
"Kentropyx_calcarata","Lineage_06","-10.309439","-57.7528","1","Kent_CHUNB56838_16s"
"Kentropyx_calcarata","Lineage_02","-14.8","-51.82","1","Kent_CHUNB68375_16s"
"Kentropyx_calcarata","Lineage_02","-15.116667","-51.82","1","Kent_CHUNB68376_16s"
"Kentropyx_calcarata","Lineage_04","-17.1087","-49.180397","1","Kent_CHUNB73746_16s"
"Kentropyx_calcarata","Lineage_04","-17.1087","-49.180397","1","Kent_CHUNB73747_16s"
"Kentropyx_calcarata","Lineage_03","-6.465278","-60.277528","1","Kent_CHUNB9819_16s"
"Kentropyx_calcarata","Lineage_03","-6.3258333","-60.277528","1","Kent_CHUNB9838_16s"
"Kentropyx_calcarata","Lineage_07","-2.442202","-58.20637","1","Kent_CTGA048_16s"
"Kentropyx_calcarata","Lineage_04","-9.538739","-47.26163","1","Kent_ESTR00359_16s"
"Kentropyx_calcarata","Lineage_04","-9.633333","-48.317778","1","Kent_ESTR01290_16s"
"Kentropyx_calcarata","Lineage_04","-6.56055555555556","-47.46","1","Kent_ESTR01956_16s"
"Kentropyx_calcarata","Lineage_03","-10.016667","-64.95","1","Kent_HJ592_16s"
"Kentropyx_calcarata","Lineage_07","-2.163792","-65.21484","1","Kent_INPAHT4407_16s"
"Kentropyx_calcarata","Lineage_05","-2.163792","-65.21484","1","Kent_INPAHT4409_16s"
"Kentropyx_calcarata","Lineage_05","-1.7775","-60.3636111111111","1","Kent_INPAHT8060_16s"
"Kentropyx_calcarata","Lineage_05","-1.82444444444444","-60.3661111111111","1","Kent_INPAHT8062_16s"
"Kentropyx_calcarata","Lineage_05","-1.75375","-60.2888055555556","1","Kent_INPAHT8335_16s"
"Kentropyx_calcarata","Lineage_05","-1.77594444444444","-60.3586388888889","1","Kent_INPAHT8341_16s"
"Kentropyx_calcarata","Lineage_03","-8.50310111111111","-61.6622352777778","1","Kent_INPAHT8803_16s"
"Kentropyx_calcarata","Lineage_03","-8.50271611111111","-61.6621475","1","Kent_INPAHT8804_16s"
"Kentropyx_calcarata","Lineage_03","-8.50392277777778","-61.6622213888889","1","Kent_INPAHT8829_16s"
"Kentropyx_calcarata","Lineage_04","-6.589167","-48.35","1","Kent_LAJ278_16s"
"Kentropyx_calcarata","Lineage_04","-10.3","-48.35","1","Kent_LAJ478_16s"
"Kentropyx_calcarata","Lineage_03","3.206167","-59.549167","1","Kent_LG1175_16s"
"Kentropyx_calcarata","Lineage_03","2.035456","-58.966667","1","Kent_LG2114_16s"
"Kentropyx_calcarata","Lineage_03","-9.6","-60.3463889","1","Kent_MTR10229_16s"
"Kentropyx_calcarata","Lineage_03","-9.6","-60.3463889","1","Kent_MTR10242_16s"
"Kentropyx_calcarata","Lineage_03","-1.916757","-58.95898","1","Kent_MTR12870_16s"
"Kentropyx_calcarata","Lineage_03","-2.980756","-58.95898","1","Kent_MTR12906_16s"
"Kentropyx_calcarata","Lineage_03","-1.916757","-58.95898","1","Kent_MTR12919_16s"
"Kentropyx_calcarata","Lineage_03","-4.596944","-58.22055","1","Kent_MTR13148_16s"
"Kentropyx_calcarata","Lineage_03","-4.481279","-57.46547","1","Kent_MTR13243_16s"
"Kentropyx_calcarata","Lineage_04","-7.329778","-45.25903","1","Kent_MTR5739_16s"
"Kentropyx_calcarata","Lineage_04","-7.22973","-48.516667","1","Kent_MTR7478_16s"
"Kentropyx_calcarata","Lineage_04","-7.771389","-48.516667","1","Kent_MTR7577_16s"
"Kentropyx_calcarata","Lineage_04","-9.566667","-47.766667","1","Kent_MTR7695_16s"
"Kentropyx_calcarata","Lineage_04","-9.566667","-47.766667","1","Kent_MTR7699_16s"
"Kentropyx_calcarata","Lineage_02","-7.216667","-50.077222","1","Kent_PA110_16s"
"Kentropyx_calcarata","Lineage_07","4.731944","-58.728611","1","Kent_PK3686_16s"
"Kentropyx_calcarata","Lineage_07","4.412778","-58.783333","1","Kent_PK3809_16s"
"Kentropyx_calcarata","Lineage_07","4.732778","-58.712778","1","Kent_PK3843_16s"
"Kentropyx_calcarata","Lineage_01","4.746944","-59.026111","1","Kent_PK3920_16s"
"Kentropyx_calcarata","Lineage_03","-7.216667","-58.966667","1","Kent_RGL1217_16s"
"Kentropyx_calcarata","Lineage_01","5.27505","-59.51607","1","Kent_TJC1125_16s"
"Kentropyx_calcarata","Lineage_01","5.27505","-59.51607","1","Kent_TJC1127_16s"
"Plica_plica","Lineage_04","-2.93227777777778","-59.9735277777778","1","Plic_INPAHT6862_16s"
"Plica_plica","Lineage_01","-1.6","-61.9","1","Plic_INPAHT7565_16s"
"Plica_plica","Lineage_01","-1.6","-61.9","1","Plic_INPAHT7665_16s"
"Plica_plica","Lineage_01","-1.70711111111111","-61.7858333333333","1","Plic_INPAHT7705_16s"
"Plica_plica","Lineage_01","-1.70711111111111","-61.7858333333333","1","Plic_INPAHT7706_16s"
"Plica_plica","Lineage_01","-2.43491666666667","-61.4155277777778","1","Plic_INPAHT8281_16s"
"Plica_plica","Lineage_04","-1.002862","-58.772983","1","Plica_KU759140_16s"
"Plica_plica","Lineage_04","-0.6504","-52.517632","1","Plica_KU759141_16s"
"Plica_plica","Lineage_04","-0.6504","-52.517632","1","Plica_KU759142_16s"
"Plica_plica","Lineage_01","0.153807","-66.082478","1","Plica_KU759143_16s"
"Plica_plica","Lineage_01","0.153807","-66.082478","1","Plica_KU759144_16s"
"Plica_plica","Lineage_01","0.153807","-66.082478","1","Plica_KU759145_16s"
"Plica_plica","Lineage_01","0.153807","-66.082478","1","Plica_KU759146_16s"
"Plica_plica","Lineage_01","0.153807","-66.082478","1","Plica_KU759147_16s"
"Plica_plica","Lineage_01","-3.11905","-60.07867","1","Plica_KU759148_16s"
"Plica_plica","Lineage_01","2.586571","-62.47426","1","Plica_KU759149_16s"
"Plica_plica","Lineage_01","1.432902","-61.640558","1","Plica_KU759150_16s"
"Plica_plica","Lineage_02","-3.10966","-55.114064","1","Plica_KU759151_16s"
"Plica_plica","Lineage_02","-2.918844","-55.242572","1","Plica_KU759152_16s"
"Plica_plica","Lineage_02","-3.10966","-55.114064","1","Plica_KU759153_16s"
"Plica_plica","Lineage_02","-2.918844","-55.242572","1","Plica_KU759154_16s"
"Plica_plica","Lineage_02","-3.693465","-59.017537","1","Plica_KU759155_16s"
"Plica_plica","Lineage_02","-5.094285","-62.962962","1","Plica_KU759156_16s"
"Plica_plica","Lineage_02","-6.158858","-64.844228","1","Plica_KU759157_16s"
"Plica_plica","Lineage_02","-5.0451","-55.847116","1","Plica_KU759158_16s"
"Plica_plica","Lineage_03","2.586571","-62.47426","1","Plica_KU759159_16s"
"Plica_plica","Lineage_03","2.586571","-62.47426","1","Plica_KU759160_16s"
"Thecadactylus_solimoensis","Lineage_01","0.01329973","-75.96882629","1","Theca_AY604483_Cytb"
"Thecadactylus_solimoensis","Lineage_05","-10.5241950764635","-64.3092431460484","1","Theca_AY604484_Cytb"
"Thecadactylus_solimoensis","Lineage_02","-3.515","-59.903333333333","1","Theca_AY604485_Cytb"
"Thecadactylus_solimoensis","Lineage_04","-3.66750460943085","-74.5913307663093","1","Theca_AY604486_Cytb"
"Thecadactylus_solimoensis","Lineage_03","-8.85157375410401","-72.1385004363417","1","Theca_AY604487_Cytb"
"Thecadactylus_solimoensis","Lineage_03","-10.0225213055203","-73.0066166501495","1","Theca_AY604488_Cytb"
"Thecadactylus_solimoensis","Lineage_04","-3.70662","-66.096744","1","Theca_FPW02414_Cytb"
"Thecadactylus_solimoensis","Lineage_05","-8.550742","-63.7037","1","Theca_H1213_Cytb"
"Thecadactylus_solimoensis","Lineage_01","0.01329973","-75.96882629","1","Theca_H12551_Cytb"
"Thecadactylus_solimoensis","Lineage_01","0.01329973","-75.96882629","1","Theca_H12581_Cytb"
"Thecadactylus_solimoensis","Lineage_01","0.01329973","-75.96882629","1","Theca_H12583_Cytb"
"Thecadactylus_solimoensis","Lineage_01","0.01329973","-75.96882629","1","Theca_H12988_Cytb"
"Thecadactylus_solimoensis","Lineage_05","-9.694911","-65.3566194444","1","Theca_H1385_Cytb"
"Thecadactylus_solimoensis","Lineage_02","-3.515","-59.903333333333","1","Theca_H16450_Cytb"
"Thecadactylus_solimoensis","Lineage_05","-10.321444444444","-64.563305555556","1","Theca_H17792_Cytb"
"Thecadactylus_solimoensis","Lineage_05","-10.321444444444","-64.563305555556","1","Theca_H17793_Cytb"
"Thecadactylus_solimoensis","Lineage_05","-10.321444444444","-64.563305555556","1","Theca_H17795_Cytb"
"Thecadactylus_solimoensis","Lineage_05","-9.439171","-64.79226856","1","Theca_H1881_Cytb"
"Thecadactylus_solimoensis","Lineage_05","-9.44593","-64.82469","1","Theca_H2381_Cytb"
"Thecadactylus_solimoensis","Lineage_05","-9.59754","-64.53674","1","Theca_H2575_Cytb"
"Thecadactylus_solimoensis","Lineage_05","-9.59492","-65.06508","1","Theca_H2693_Cytb"
"Thecadactylus_solimoensis","Lineage_05","-9.44593","-64.82469","1","Theca_H2727_Cytb"
"Thecadactylus_solimoensis","Lineage_05","-9.44593","-64.82469","1","Theca_H2945_Cytb"
"Thecadactylus_solimoensis","Lineage_05","-9.58464","-65.06932","1","Theca_H3118_Cytb"
"Thecadactylus_solimoensis","Lineage_05","-9.60824","-65.37792","1","Theca_H3221_Cytb"
"Thecadactylus_solimoensis","Lineage_05","-9.63412","-65.43992","1","Theca_H4025_Cytb"
"Thecadactylus_solimoensis","Lineage_05","-9.59132","-65.04918","1","Theca_H4244_Cytb"
"Thecadactylus_solimoensis","Lineage_05","-9.694911","-65.3566194444","1","Theca_HJ0492_Cytb"
"Thecadactylus_solimoensis","Lineage_05","-8.550742","-63.7037","1","Theca_HJ0601_Cytb"
"Thecadactylus_solimoensis","Lineage_05","-4.975677","-62.960583","1","Theca_HT4733_Cytb"
"Thecadactylus_solimoensis","Lineage_05","-4.975677","-62.960583","1","Theca_HT4809_Cytb"
"Thecadactylus_solimoensis","Lineage_06","-1.846139","-69.029528","1","Theca_HT9230_Cytb"
"Thecadactylus_solimoensis","Lineage_06","-1.846139","-69.029528","1","Theca_HT9234_Cytb"
"Thecadactylus_solimoensis","Lineage_06","-1.846139","-69.029528","1","Theca_HT9293_Cytb"
"Thecadactylus_solimoensis","Lineage_06","-1.846139","-69.029528","1","Theca_HT9312_Cytb"
"Thecadactylus_solimoensis","Lineage_07","-4.3441667","-58.625278","1","Theca_MTR12986_Cytb"
"Thecadactylus_solimoensis","Lineage_05","-10.7863","-63.6273","1","Theca_MTR25552_Cytb"
"Thecadactylus_solimoensis","Lineage_05","-10.52749","-63.97336","1","Theca_MTR25977_Cytb"
"Thecadactylus_solimoensis","Lineage_03","-10.07571","-67.61478","1","Theca_MTR28586_Cytb"
"Thecadactylus_solimoensis","Lineage_05","-7.59513","-62.89944","1","Theca_MTR28679_Cytb"
"Thecadactylus_solimoensis","Lineage_04","-3.21026","-64.8053","1","Theca_MTR35700_Cytb"
"Thecadactylus_solimoensis","Lineage_04","-2.90491","-68.33983","1","Theca_MTR36123_Cytb"
"Thecadactylus_solimoensis","Lineage_04","-3.03208","-68.87707","1","Theca_MTR36725_Cytb"
"Thecadactylus_solimoensis","Lineage_05","-15.2905722","-58.7087305556","1","Theca_RGL1004_Cytb"
"Thecadactylus_solimoensis","Lineage_05","-15.2905722","-58.7087305556","1","Theca_RGL1665_Cytb"
